date,price
1-Jan-10,-0.375
4-Jan-10,-0.225
5-Jan-10,-0.12
6-Jan-10,-0.17
7-Jan-10,-0.11
8-Jan-10,-0.17
11-Jan-10,-0.165
12-Jan-10,-0.135
13-Jan-10,-0.105
14-Jan-10,-0.065
15-Jan-10,-0.085
18-Jan-10,-0.1
19-Jan-10,-0.025
20-Jan-10,0.065
21-Jan-10,0.01
22-Jan-10,-0.03
25-Jan-10,-0.055
26-Jan-10,-0.05
27-Jan-10,-0.02
28-Jan-10,-0.055
29-Jan-10,-0.06
1-Feb-10,-0.005
2-Feb-10,-0.115
3-Feb-10,-0.095
4-Feb-10,-0.005
5-Feb-10,0.01
8-Feb-10,-0.07
9-Feb-10,-0.117
10-Feb-10,-0.08
11-Feb-10,-0.095
12-Feb-10,-0.11
15-Feb-10,-0.112
16-Feb-10,-0.18
17-Feb-10,-0.17
18-Feb-10,-0.17
19-Feb-10,-0.145
22-Feb-10,-0.055
23-Feb-10,-0.065
24-Feb-10,-0.11
25-Feb-10,-0.07
26-Feb-10,-0.11
1-Mar-10,-0.07
2-Mar-10,-0.085
3-Mar-10,-0.145
4-Mar-10,-0.105
5-Mar-10,-0.14
8-Mar-10,-0.125
9-Mar-10,-0.135
10-Mar-10,-0.14
11-Mar-10,-0.16
12-Mar-10,-0.15
15-Mar-10,-0.05
16-Mar-10,-0.12
17-Mar-10,-0.085
18-Mar-10,-0.02
19-Mar-10,-0.095
22-Mar-10,-0.05
23-Mar-10,-0.095
24-Mar-10,-0.07
25-Mar-10,-0.115
26-Mar-10,-0.07
29-Mar-10,-0.105
30-Mar-10,-0.085
31-Mar-10,-0.095
1-Apr-10,-0.095
2-Apr-10,-0.098
5-Apr-10,-0.103
6-Apr-10,-0.105
7-Apr-10,-0.118
8-Apr-10,-0.155
9-Apr-10,-0.185
12-Apr-10,-0.125
13-Apr-10,-0.085
14-Apr-10,-0.164
15-Apr-10,-0.09
16-Apr-10,-0.1
19-Apr-10,-0.045
20-Apr-10,-0.13
21-Apr-10,-0.08
22-Apr-10,-0.135
23-Apr-10,-0.13
26-Apr-10,-0.105
27-Apr-10,0.03
28-Apr-10,0.005
29-Apr-10,-0.18
30-Apr-10,-0.14
3-May-10,-0.1
4-May-10,-0.005
5-May-10,0.005
6-May-10,-0.06
7-May-10,-0.095
10-May-10,-0.125
11-May-10,-0.11
12-May-10,-0.1
13-May-10,-0.09
14-May-10,-0.105
17-May-10,-0.03
18-May-10,-0.08
19-May-10,-0.03
20-May-10,0.115
21-May-10,-0.07
24-May-10,-0.07
25-May-10,0.075
26-May-10,-0.05
27-May-10,-0.2
28-May-10,0.06
31-May-10,-0.05
1-Jun-10,-0.031
2-Jun-10,-0.09
3-Jun-10,0.11
4-Jun-10,0.005
7-Jun-10,-0.03
8-Jun-10,-0.08
9-Jun-10,-0.03
10-Jun-10,-0.065
11-Jun-10,-0.07
14-Jun-10,-0.09
15-Jun-10,-0.08
16-Jun-10,-0.065
17-Jun-10,-0.085
18-Jun-10,-0.075
21-Jun-10,-0.09
22-Jun-10,-0.068
23-Jun-10,-0.005
24-Jun-10,-0.115
25-Jun-10,-0.05
28-Jun-10,-0.103
29-Jun-10,0.04
30-Jun-10,-0.053
1-Jul-10,-0.028
2-Jul-10,-0.025
5-Jul-10,-0.04
6-Jul-10,-0.045
7-Jul-10,-0.035
8-Jul-10,-0.01
9-Jul-10,-0.025
12-Jul-10,-0.02
13-Jul-10,-0.005
14-Jul-10,-0.025
15-Jul-10,-0.02
16-Jul-10,0.035
19-Jul-10,0.015
20-Jul-10,-0.013
21-Jul-10,-0.011
22-Jul-10,-0.025
23-Jul-10,-0.015
26-Jul-10,-0.053
27-Jul-10,-0.053
28-Jul-10,-0.015
29-Jul-10,-0.025
30-Jul-10,-0.05
2-Aug-10,-0.03
3-Aug-10,-0.015
4-Aug-10,-0.005
5-Aug-10,-0.028
6-Aug-10,-0.1
9-Aug-10,-0.055
10-Aug-10,0.05
11-Aug-10,0.055
12-Aug-10,-0.001
13-Aug-10,-0.025
16-Aug-10,-0.015
17-Aug-10,-0.028
18-Aug-10,-0.038
19-Aug-10,-0.015
20-Aug-10,-0.01
23-Aug-10,-0.02
24-Aug-10,0.01
25-Aug-10,-0.01
26-Aug-10,-0.023
27-Aug-10,-0.028
30-Aug-10,-0.01
31-Aug-10,0.008
1-Sep-10,-0.02
2-Sep-10,-0.023
3-Sep-10,-0.063
6-Sep-10,-0.038
7-Sep-10,-0.04
8-Sep-10,-0.05
9-Sep-10,-0.033
10-Sep-10,-0.076
13-Sep-10,-0.048
14-Sep-10,-0.046
15-Sep-10,-0.05
16-Sep-10,-0.025
17-Sep-10,-0.035
20-Sep-10,-0.045
21-Sep-10,-0.085
22-Sep-10,-0.18
23-Sep-10,-0.045
24-Sep-10,-0.18
27-Sep-10,-0.133
28-Sep-10,-0.093
29-Sep-10,-0.128
30-Sep-10,-0.098
1-Oct-10,-0.198
4-Oct-10,-0.07
5-Oct-10,-0.165
6-Oct-10,-0.158
7-Oct-10,-0.015
8-Oct-10,-0.148
11-Oct-10,-0.095
12-Oct-10,-0.08
13-Oct-10,-0.09
14-Oct-10,-0.095
15-Oct-10,-0.108
18-Oct-10,-0.088
19-Oct-10,0.034
20-Oct-10,-0.064
21-Oct-10,-0.085
22-Oct-10,-0.033
25-Oct-10,-0.23
26-Oct-10,-0.138
27-Oct-10,-0.058
28-Oct-10,-0.105
29-Oct-10,-0.07
1-Nov-10,-0.035
2-Nov-10,-0.065
3-Nov-10,-0.055
4-Nov-10,-0.11
5-Nov-10,0.04
8-Nov-10,0.045
9-Nov-10,-0.065
10-Nov-10,-0.02
11-Nov-10,0.035
12-Nov-10,-0.02
15-Nov-10,0.045
16-Nov-10,0.115
17-Nov-10,-0.013
18-Nov-10,-0.053
19-Nov-10,-0.025
22-Nov-10,-0.04
23-Nov-10,0.035
24-Nov-10,0.006
25-Nov-10,-0.045
26-Nov-10,0.005
29-Nov-10,-0.015
30-Nov-10,-0.005
1-Dec-10,-0.02
2-Dec-10,-0.02
3-Dec-10,-0.035
6-Dec-10,-0.005
7-Dec-10,-0.04
8-Dec-10,-0.005
9-Dec-10,-0.03
10-Dec-10,-0.02
13-Dec-10,-0.085
14-Dec-10,-0.05
15-Dec-10,-0.035
16-Dec-10,-0.04
17-Dec-10,0.015
20-Dec-10,0.035
21-Dec-10,-0.045
22-Dec-10,-0.04
23-Dec-10,-0.07
24-Dec-10,-0.1
27-Dec-10,-0.195
28-Dec-10,-0.075
29-Dec-10,-0.105
30-Dec-10,-0.1
31-Dec-10,-0.32
3-Jan-11,-0.095
4-Jan-11,-0.09
5-Jan-11,-0.005
6-Jan-11,-0.08
7-Jan-11,-0.195
10-Jan-11,-0.033
11-Jan-11,-0.17
12-Jan-11,-0.265
13-Jan-11,-0.195
14-Jan-11,-0.12
17-Jan-11,-0.125
18-Jan-11,-0.2
19-Jan-11,-0.095
20-Jan-11,-0.013
21-Jan-11,-0.135
24-Jan-11,-0.115
25-Jan-11,-0.07
26-Jan-11,-0.105
27-Jan-11,-0.05
28-Jan-11,-0.025
31-Jan-11,-0.115
1-Feb-11,-0.17
2-Feb-11,-0.225
3-Feb-11,-0.155
4-Feb-11,-0.175
7-Feb-11,-0.195
8-Feb-11,-0.195
9-Feb-11,-0.06
10-Feb-11,-0.11
11-Feb-11,-0.03
14-Feb-11,-0.065
15-Feb-11,-0.105
16-Feb-11,-0.16
17-Feb-11,-0.145
18-Feb-11,-0.19
21-Feb-11,-0.045
22-Feb-11,0.02
23-Feb-11,0.04
24-Feb-11,0.03
25-Feb-11,-0.015
28-Feb-11,-0.17
1-Mar-11,-0.1
2-Mar-11,-0.048
3-Mar-11,-0.08
4-Mar-11,-0.085
7-Mar-11,-0.1
8-Mar-11,-0.12
9-Mar-11,-0.08
10-Mar-11,0.05
11-Mar-11,-0.065
14-Mar-11,-0.05
15-Mar-11,-0.005
16-Mar-11,0.03
17-Mar-11,-0.015
18-Mar-11,-0.125
21-Mar-11,-0.155
22-Mar-11,-0.125
23-Mar-11,-0.06
24-Mar-11,-0.15
25-Mar-11,-0.175
28-Mar-11,-0.12
29-Mar-11,-0.055
30-Mar-11,-0.09
31-Mar-11,-0.145
1-Apr-11,-0.155
4-Apr-11,-0.173
5-Apr-11,-0.11
6-Apr-11,-0.17
7-Apr-11,-0.08
8-Apr-11,-0.19
11-Apr-11,-0.105
12-Apr-11,-0.11
13-Apr-11,-0.11
14-Apr-11,0.005
15-Apr-11,-0.025
18-Apr-11,-0.015
19-Apr-11,-0.045
20-Apr-11,-0.13
21-Apr-11,-0.055
22-Apr-11,-0.065
25-Apr-11,-0.06
26-Apr-11,-0.06
27-Apr-11,-0.12
28-Apr-11,-0.1
29-Apr-11,-0.13
2-May-11,-0.12
3-May-11,-0.03
4-May-11,0.03
5-May-11,0.1
6-May-11,-0.085
9-May-11,-0.03
10-May-11,-0.02
11-May-11,-0.06
12-May-11,-0.08
13-May-11,0.045
16-May-11,-0.005
17-May-11,0.05
18-May-11,-0.035
19-May-11,-0.03
20-May-11,0.02
23-May-11,0.06
24-May-11,-0.02
25-May-11,-0.04
26-May-11,-0.035
27-May-11,-0.06
30-May-11,-0.03
31-May-11,-0.005
1-Jun-11,-0.03
2-Jun-11,-0.02
3-Jun-11,0.04
6-Jun-11,-0.02
7-Jun-11,-0.06
8-Jun-11,0.04
9-Jun-11,0.02
10-Jun-11,0.075
13-Jun-11,0.015
14-Jun-11,-0.025
15-Jun-11,0.045
16-Jun-11,0.06
17-Jun-11,-0.065
20-Jun-11,-0.025
21-Jun-11,-0.1
22-Jun-11,-0.05
23-Jun-11,0.03
24-Jun-11,-0.025
27-Jun-11,-0.025
28-Jun-11,-0.05
29-Jun-11,-0.12
30-Jun-11,-0.061
1-Jul-11,-0.1
4-Jul-11,-0.06
5-Jul-11,-0.02
6-Jul-11,-0.025
7-Jul-11,-0.035
8-Jul-11,0.003
11-Jul-11,0.085
12-Jul-11,-0.045
13-Jul-11,-0.09
14-Jul-11,-0.018
15-Jul-11,0.02
18-Jul-11,0.03
19-Jul-11,-0.003
20-Jul-11,-0.02
21-Jul-11,-0.095
22-Jul-11,-0.05
25-Jul-11,-0.055
26-Jul-11,-0.095
27-Jul-11,-0.03
28-Jul-11,-0.025
29-Jul-11,-0.065
1-Aug-11,-0.035
2-Aug-11,0.035
3-Aug-11,0.025
4-Aug-11,0.035
5-Aug-11,0.11
8-Aug-11,0.075
9-Aug-11,-0.07
10-Aug-11,-0.03
11-Aug-11,-0.215
12-Aug-11,-0.24
15-Aug-11,-0.2
16-Aug-11,-0.24
17-Aug-11,-0.17
18-Aug-11,-0.07
19-Aug-11,-0.17
22-Aug-11,-0.125
23-Aug-11,-0.145
24-Aug-11,-0.07
25-Aug-11,0.025
26-Aug-11,-0.06
29-Aug-11,-0.08
30-Aug-11,-0.057
31-Aug-11,-0.103
1-Sep-11,-0.072
2-Sep-11,-0.08
5-Sep-11,-0.072
6-Sep-11,-0.065
7-Sep-11,-0.05
8-Sep-11,-0.015
9-Sep-11,0.115
12-Sep-11,0.26
13-Sep-11,0.11
14-Sep-11,0.015
15-Sep-11,-0.11
16-Sep-11,-0.1
19-Sep-11,0.15
20-Sep-11,-0.085
21-Sep-11,0.16
22-Sep-11,0.29
23-Sep-11,-0.08
26-Sep-11,-0.12
27-Sep-11,-0.21
28-Sep-11,-0.04
29-Sep-11,-0.02
30-Sep-11,0.16
3-Oct-11,0.07
4-Oct-11,-0.03
5-Oct-11,-0.065
6-Oct-11,-0.05
7-Oct-11,-0.16
10-Oct-11,-0.285
11-Oct-11,0.04
12-Oct-11,-0.1
13-Oct-11,0.075
14-Oct-11,-0.1
17-Oct-11,0.055
18-Oct-11,0.02
19-Oct-11,0.02
20-Oct-11,0.085
21-Oct-11,-0.095
24-Oct-11,-0.05
25-Oct-11,0.005
26-Oct-11,0.02
27-Oct-11,-0.115
28-Oct-11,0.005
31-Oct-11,0.015
1-Nov-11,0.185
2-Nov-11,0.025
3-Nov-11,-0.07
4-Nov-11,0.105
7-Nov-11,0.09
8-Nov-11,-0.03
9-Nov-11,0.135
10-Nov-11,-0.02
11-Nov-11,-0.07
14-Nov-11,0.035
15-Nov-11,0.08
16-Nov-11,-0.02
17-Nov-11,-0.02
18-Nov-11,-0.012
21-Nov-11,0.06
22-Nov-11,0.03
23-Nov-11,0.118
24-Nov-11,0.035
25-Nov-11,0.04
28-Nov-11,-0.085
29-Nov-11,-0.115
30-Nov-11,-0.175
1-Dec-11,-0.007
2-Dec-11,-0.017
5-Dec-11,0.014
6-Dec-11,0.005
7-Dec-11,0.05
8-Dec-11,0.05
9-Dec-11,-0.002
12-Dec-11,0.034
13-Dec-11,0.04
14-Dec-11,0.06
15-Dec-11,-0.05
16-Dec-11,-0.06
19-Dec-11,-0.005
20-Dec-11,-0.12
21-Dec-11,-0.03
22-Dec-11,-0.045
23-Dec-11,-0.045
26-Dec-11,-0.055
27-Dec-11,-0.04
28-Dec-11,0.02
29-Dec-11,-0.022
30-Dec-11,-0.032
2-Jan-12,0.035
3-Jan-12,-0.05
4-Jan-12,0.02
5-Jan-12,0.03
6-Jan-12,-0.09
9-Jan-12,-0.08
10-Jan-12,-0.21
11-Jan-12,-0.17
12-Jan-12,-0.165
13-Jan-12,-0.08
16-Jan-12,-0.125
17-Jan-12,-0.09
18-Jan-12,-0.1
19-Jan-12,-0.1
20-Jan-12,-0.06
23-Jan-12,-0.09
24-Jan-12,-0.09
25-Jan-12,-0.11
26-Jan-12,-0.21
27-Jan-12,-0.27
30-Jan-12,0.02
31-Jan-12,0.06
1-Feb-12,-0.1
2-Feb-12,-0.02
3-Feb-12,-0.07
6-Feb-12,0.015
7-Feb-12,0.02
8-Feb-12,-0.03
9-Feb-12,0.02
10-Feb-12,0.06
13-Feb-12,-0.015
14-Feb-12,0.02
15-Feb-12,0.03
16-Feb-12,-0.015
17-Feb-12,0.03
20-Feb-12,-0.03
21-Feb-12,0.027
22-Feb-12,0.035
23-Feb-12,0.025
24-Feb-12,-0.015
27-Feb-12,-0.02
28-Feb-12,-0.004
29-Feb-12,0.02
1-Mar-12,-0.035
2-Mar-12,0.013
5-Mar-12,-0.005
6-Mar-12,0.075
7-Mar-12,-0.008
8-Mar-12,-0.055
9-Mar-12,-0.09
12-Mar-12,-0.04
13-Mar-12,-0.053
14-Mar-12,0.06
15-Mar-12,-0.005
16-Mar-12,-0.035
19-Mar-12,0.005
20-Mar-12,0.038
21-Mar-12,0.013
22-Mar-12,0.035
23-Mar-12,0.015
26-Mar-12,-0.03
27-Mar-12,-0.015
28-Mar-12,0.005
29-Mar-12,0.015
30-Mar-12,-0.02
2-Apr-12,-0.04
3-Apr-12,-0.03
4-Apr-12,0.03
5-Apr-12,0.025
6-Apr-12,-0.001
9-Apr-12,0.005
10-Apr-12,0.005
11-Apr-12,-0.05
12-Apr-12,-0.075
13-Apr-12,-0.04
16-Apr-12,-0.04
17-Apr-12,-0.04
18-Apr-12,-0.035
19-Apr-12,-0.015
20-Apr-12,-0.065
23-Apr-12,-0.03
24-Apr-12,-0.05
25-Apr-12,-0.07
26-Apr-12,-0.19
27-Apr-12,-0.085
30-Apr-12,-0.085
1-May-12,-0.085
2-May-12,-0.065
3-May-12,-0.055
4-May-12,-0.045
7-May-12,-0.04
8-May-12,-0.04
9-May-12,-0.045
10-May-12,-0.07
11-May-12,-0.041
14-May-12,-0.015
15-May-12,-0.001
16-May-12,0.04
17-May-12,0.01
18-May-12,0.018
21-May-12,-0.005
22-May-12,-0.053
23-May-12,-0.02
24-May-12,0.01
25-May-12,0.01
28-May-12,0.007
29-May-12,0.02
30-May-12,0.015
31-May-12,0.005
1-Jun-12,0.015
4-Jun-12,-0.01
5-Jun-12,0.002
6-Jun-12,-0.02
7-Jun-12,-0.023
8-Jun-12,0.002
11-Jun-12,0.003
12-Jun-12,0.015
13-Jun-12,-0.01
14-Jun-12,0.002
15-Jun-12,-0.002
18-Jun-12,-0.025
19-Jun-12,-0.015
20-Jun-12,-0.003
21-Jun-12,0.015
22-Jun-12,0.01
25-Jun-12,0.002
26-Jun-12,-0.01
27-Jun-12,-0.005
28-Jun-12,-0.01
29-Jun-12,-0.026
2-Jul-12,-0.013
3-Jul-12,-0.022
4-Jul-12,-0.015
5-Jul-12,-0.02
6-Jul-12,-0.003
9-Jul-12,0.015
10-Jul-12,0.01
11-Jul-12,-0.01
12-Jul-12,0.015
13-Jul-12,0.015
16-Jul-12,0.01
17-Jul-12,-0.01
18-Jul-12,-0.01
19-Jul-12,-0.002
20-Jul-12,-0.004
23-Jul-12,0.02
24-Jul-12,0.03
25-Jul-12,-0.002
26-Jul-12,-0.01
27-Jul-12,-0.005
30-Jul-12,-0.01
31-Jul-12,-0.025
1-Aug-12,-0.032
2-Aug-12,-0.02
3-Aug-12,-0.015
6-Aug-12,-0.04
7-Aug-12,-0.033
8-Aug-12,-0.015
9-Aug-12,-0.01
10-Aug-12,0.01
13-Aug-12,0.01
14-Aug-12,0.008
15-Aug-12,0.02
16-Aug-12,0.015
17-Aug-12,0.025
20-Aug-12,0.028
21-Aug-12,0.015
22-Aug-12,0.015
23-Aug-12,0.002
24-Aug-12,0.01
27-Aug-12,0.022
28-Aug-12,0.02
29-Aug-12,0.015
30-Aug-12,0.005
31-Aug-12,0.003
3-Sep-12,-0.01
4-Sep-12,-0.035
5-Sep-12,-0.015
6-Sep-12,-0.025
7-Sep-12,-0.053
10-Sep-12,-0.05
11-Sep-12,-0.052
12-Sep-12,-0.055
13-Sep-12,-0.035
14-Sep-12,-0.047
17-Sep-12,0.01
18-Sep-12,-0.001
19-Sep-12,-0.015
20-Sep-12,0.005
21-Sep-12,-0.02
24-Sep-12,-0.01
25-Sep-12,0.008
26-Sep-12,0.025
27-Sep-12,0.01
28-Sep-12,0.009
1-Oct-12,-0.002
2-Oct-12,-0.01
3-Oct-12,-0.001
4-Oct-12,-0.003
5-Oct-12,-0.038
8-Oct-12,-0.02
9-Oct-12,-0.012
10-Oct-12,-0.013
11-Oct-12,-0.015
12-Oct-12,-0.055
15-Oct-12,-0.05
16-Oct-12,-0.08
17-Oct-12,-0.065
18-Oct-12,-0.046
19-Oct-12,-0.045
22-Oct-12,-0.045
23-Oct-12,-0.05
24-Oct-12,-0.04
25-Oct-12,-0.063
26-Oct-12,-0.043
29-Oct-12,-0.04
30-Oct-12,-0.045
31-Oct-12,-0.047
1-Nov-12,-0.045
2-Nov-12,-0.04
5-Nov-12,-0.03
6-Nov-12,-0.03
7-Nov-12,-0.08
8-Nov-12,-0.055
9-Nov-12,-0.1
12-Nov-12,-0.11
13-Nov-12,-0.088
14-Nov-12,-0.125
15-Nov-12,-0.115
16-Nov-12,-0.09
19-Nov-12,-0.1
20-Nov-12,-0.1
21-Nov-12,-0.075
22-Nov-12,-0.07
23-Nov-12,-0.075
26-Nov-12,-0.088
27-Nov-12,-0.085
28-Nov-12,-0.045
29-Nov-12,-0.045
30-Nov-12,-0.057
3-Dec-12,-0.02
4-Dec-12,-0.015
5-Dec-12,-0.022
6-Dec-12,0.003
7-Dec-12,-0.002
10-Dec-12,-0.021
11-Dec-12,-0.025
12-Dec-12,-0.032
13-Dec-12,-0.043
14-Dec-12,-0.05
17-Dec-12,-0.055
18-Dec-12,-0.083
19-Dec-12,-0.068
20-Dec-12,-0.08
21-Dec-12,-0.055
24-Dec-12,-0.088
25-Dec-12,-0.11
26-Dec-12,-0.133
27-Dec-12,-0.127
28-Dec-12,-0.14
31-Dec-12,-0.14
1-Jan-13,-0.14
2-Jan-13,-0.085
3-Jan-13,-0.052
4-Jan-13,-0.02
7-Jan-13,-0.032
8-Jan-13,-0.025
9-Jan-13,-0.035
10-Jan-13,-0.085
11-Jan-13,-0.083
14-Jan-13,-0.057
15-Jan-13,-0.043
16-Jan-13,-0.032
17-Jan-13,-0.025
18-Jan-13,-0.04
21-Jan-13,-0.04
22-Jan-13,-0.035
23-Jan-13,-0.028
24-Jan-13,-0.013
25-Jan-13,-0.015
28-Jan-13,0.007
29-Jan-13,-0.01
30-Jan-13,-0.015
31-Jan-13,0.015
1-Feb-13,0.025
4-Feb-13,0.005
5-Feb-13,0.015
6-Feb-13,0.015
7-Feb-13,0.02
8-Feb-13,0.03
11-Feb-13,0.058
12-Feb-13,0.057
13-Feb-13,0.058
14-Feb-13,0.058
15-Feb-13,0.039
18-Feb-13,0.015
19-Feb-13,0.01
20-Feb-13,-0.005
21-Feb-13,0.02
22-Feb-13,0.015
25-Feb-13,-0.007
26-Feb-13,0.002
27-Feb-13,-0.008
28-Feb-13,-0.008
1-Mar-13,0.01
4-Mar-13,0.038
5-Mar-13,-0.007
6-Mar-13,-0.015
7-Mar-13,-0.007
8-Mar-13,-0.01
11-Mar-13,0.005
12-Mar-13,-0.007
13-Mar-13,-0.025
14-Mar-13,-0.01
15-Mar-13,0.003
18-Mar-13,0.002
19-Mar-13,-0.01
20-Mar-13,-0.035
21-Mar-13,-0.02
22-Mar-13,0.015
25-Mar-13,-0.015
26-Mar-13,-0.06
27-Mar-13,-0.04
28-Mar-13,-0.02
29-Mar-13,-0.013
1-Apr-13,-0.02
2-Apr-13,-0.03
3-Apr-13,-0.015
4-Apr-13,-0.015
5-Apr-13,-0.015
8-Apr-13,0.03
9-Apr-13,0.023
10-Apr-13,-0.025
11-Apr-13,-0.012
12-Apr-13,-0.01
15-Apr-13,-0.01
16-Apr-13,-0.025
17-Apr-13,-0.02
18-Apr-13,-0.015
19-Apr-13,-0.032
22-Apr-13,-0.02
23-Apr-13,-0.025
24-Apr-13,-0.033
25-Apr-13,-0.043
26-Apr-13,-0.054
29-Apr-13,-0.035
30-Apr-13,-0.024
1-May-13,-0.015
2-May-13,-0.003
3-May-13,0.002
6-May-13,-0.001
7-May-13,0.002
8-May-13,-0.03
9-May-13,0.003
10-May-13,0.047
13-May-13,0.01
14-May-13,0.02
15-May-13,0.071
16-May-13,0.093
17-May-13,0.081
20-May-13,0.015
21-May-13,-0.02
22-May-13,0.015
23-May-13,0.101
24-May-13,0.018
27-May-13,-0.013
28-May-13,0.021
29-May-13,0.065
30-May-13,0.031
31-May-13,0.047
3-Jun-13,0.02
4-Jun-13,0.019
5-Jun-13,-0.055
6-Jun-13,-0.04
7-Jun-13,-0.016
10-Jun-13,0.018
11-Jun-13,-0.007
12-Jun-13,-0.003
13-Jun-13,-0.023
14-Jun-13,-0.02
17-Jun-13,-0.025
18-Jun-13,-0.01
19-Jun-13,-0.04
20-Jun-13,0.078
21-Jun-13,0.038
24-Jun-13,0.053
25-Jun-13,-0.013
26-Jun-13,-0.015
27-Jun-13,-0.007
28-Jun-13,-0.035
1-Jul-13,-0.001
2-Jul-13,0.015
3-Jul-13,0.032
4-Jul-13,0.01
5-Jul-13,0.028
8-Jul-13,0.023
9-Jul-13,0.007
10-Jul-13,-0.002
11-Jul-13,-0.037
12-Jul-13,-0.021
15-Jul-13,-0.03
16-Jul-13,-0.035
17-Jul-13,-0.015
18-Jul-13,0.003
19-Jul-13,-0.003
22-Jul-13,0.015
23-Jul-13,-0.003
24-Jul-13,0.008
25-Jul-13,0.023
26-Jul-13,-0.015
29-Jul-13,-0.013
30-Jul-13,0.002
31-Jul-13,0.03
1-Aug-13,0.032
2-Aug-13,0.032
5-Aug-13,-0.002
6-Aug-13,0.002
7-Aug-13,0.005
8-Aug-13,-0.01
9-Aug-13,-0.025
12-Aug-13,-0.012
13-Aug-13,-0.013
14-Aug-13,-0.003
15-Aug-13,-0.02
16-Aug-13,-0.04
19-Aug-13,-0.04
20-Aug-13,-0.013
21-Aug-13,-0.012
22-Aug-13,-0.027
23-Aug-13,-0.045
26-Aug-13,-0.047
27-Aug-13,-0.03
28-Aug-13,-0.02
29-Aug-13,-0.043
30-Aug-13,-0.04
2-Sep-13,-0.085
3-Sep-13,-0.083
4-Sep-13,-0.075
5-Sep-13,-0.065
6-Sep-13,-0.052
9-Sep-13,-0.085
10-Sep-13,-0.06
11-Sep-13,-0.022
12-Sep-13,-0.04
13-Sep-13,-0.038
16-Sep-13,-0.075
17-Sep-13,-0.08
18-Sep-13,-0.075
19-Sep-13,-0.075
20-Sep-13,-0.075
23-Sep-13,-0.055
24-Sep-13,-0.035
25-Sep-13,-0.024
26-Sep-13,-0.05
27-Sep-13,-0.04
30-Sep-13,-0.02
1-Oct-13,-0.055
2-Oct-13,-0.045
3-Oct-13,-0.047
4-Oct-13,-0.045
7-Oct-13,-0.05
8-Oct-13,-0.063
9-Oct-13,-0.055
10-Oct-13,-0.055
11-Oct-13,-0.093
14-Oct-13,-0.09
15-Oct-13,-0.105
16-Oct-13,-0.09
17-Oct-13,-0.09
18-Oct-13,-0.083
21-Oct-13,-0.055
22-Oct-13,-0.053
23-Oct-13,-0.065
24-Oct-13,-0.084
25-Oct-13,-0.075
28-Oct-13,-0.063
29-Oct-13,-0.045
30-Oct-13,-0.05
31-Oct-13,-0.035
1-Nov-13,-0.038
4-Nov-13,-0.045
5-Nov-13,-0.04
6-Nov-13,-0.035
7-Nov-13,-0.015
8-Nov-13,-0.02
11-Nov-13,-0.01
12-Nov-13,-0.01
13-Nov-13,-0.03
14-Nov-13,-0.022
15-Nov-13,-0.047
18-Nov-13,-0.085
19-Nov-13,-0.07
20-Nov-13,-0.053
21-Nov-13,-0.045
22-Nov-13,-0.055
25-Nov-13,-0.031
26-Nov-13,-0.045
27-Nov-13,-0.02
28-Nov-13,-0.01
29-Nov-13,-0.025
2-Dec-13,-0.045
3-Dec-13,-0.055
4-Dec-13,-0.055
5-Dec-13,-0.035
6-Dec-13,-0.04
9-Dec-13,-0.055
10-Dec-13,-0.075
11-Dec-13,-0.07
12-Dec-13,-0.055
13-Dec-13,-0.06
16-Dec-13,-0.063
17-Dec-13,-0.067
18-Dec-13,-0.08
19-Dec-13,-0.041
20-Dec-13,-0.05
23-Dec-13,-0.03
24-Dec-13,-0.016
25-Dec-13,-0.003
26-Dec-13,-0.031
27-Dec-13,-0.065
30-Dec-13,-0.025
31-Dec-13,-0.015
1-Jan-14,-0.02
2-Jan-14,-0.031
3-Jan-14,0.01
6-Jan-14,0.01
7-Jan-14,0.015
8-Jan-14,0.015
9-Jan-14,-0.009
10-Jan-14,-0.025
13-Jan-14,-0.04
14-Jan-14,-0.009
15-Jan-14,-0.001
16-Jan-14,-0.01
17-Jan-14,-0.001
20-Jan-14,0.015
21-Jan-14,0.001
22-Jan-14,0.02
23-Jan-14,0.03
24-Jan-14,0.02
27-Jan-14,-0.03
28-Jan-14,-0.04
29-Jan-14,-0.04
30-Jan-14,-0.03
31-Jan-14,-0.03
3-Feb-14,-0.04
4-Feb-14,-0.04
5-Feb-14,-0.03
6-Feb-14,-0.035
7-Feb-14,-0.035
10-Feb-14,-0.03
11-Feb-14,-0.035
12-Feb-14,-0.05
13-Feb-14,-0.045
14-Feb-14,-0.045
17-Feb-14,-0.055
18-Feb-14,-0.045
19-Feb-14,-0.035
20-Feb-14,0.002
21-Feb-14,-0.01
24-Feb-14,-0.01
25-Feb-14,-0.006
26-Feb-14,-0.035
27-Feb-14,-0.025
28-Feb-14,-0.03
3-Mar-14,-0.02
4-Mar-14,-0.015
5-Mar-14,-0.02
6-Mar-14,-0.03
7-Mar-14,-0.03
10-Mar-14,-0.015
11-Mar-14,-0.01
12-Mar-14,0.003
13-Mar-14,-0.02
14-Mar-14,0.01
17-Mar-14,-0.013
18-Mar-14,0.015
19-Mar-14,0.05
20-Mar-14,0.03
21-Mar-14,0.03
24-Mar-14,-0.01
25-Mar-14,-0.025
26-Mar-14,-0.035
27-Mar-14,-0.05
28-Mar-14,-0.035
31-Mar-14,-0.03
1-Apr-14,-0.035
2-Apr-14,-0.03
3-Apr-14,-0.04
4-Apr-14,-0.04
7-Apr-14,-0.025
8-Apr-14,-0.045
9-Apr-14,-0.055
10-Apr-14,-0.045
11-Apr-14,-0.045
14-Apr-14,-0.04
15-Apr-14,-0.02
16-Apr-14,-0.03
17-Apr-14,-0.015
18-Apr-14,-0.015
21-Apr-14,-0.015
22-Apr-14,-0.01
23-Apr-14,0.013
24-Apr-14,-0.01
25-Apr-14,0.01
28-Apr-14,-0.015
29-Apr-14,-0.01
30-Apr-14,0.01
2-May-14,-0.01
5-May-14,-0.03
6-May-14,-0.04
7-May-14,-0.04
8-May-14,-0.04
9-May-14,-0.04
12-May-14,-0.025
13-May-14,-0.01
14-May-14,-0.04
15-May-14,-0.04
16-May-14,-0.03
19-May-14,-0.03
20-May-14,-0.01
21-May-14,-0.005
22-May-14,-0.015
23-May-14,-0.01
26-May-14,-0.013
27-May-14,-0.002
28-May-14,-0.015
29-May-14,-0.027
30-May-14,-0.023
2-Jun-14,-0.022
3-Jun-14,-0.002
4-Jun-14,0.002
5-Jun-14,-0.015
6-Jun-14,-0.03
9-Jun-14,-0.04
10-Jun-14,-0.03
11-Jun-14,-0.02
12-Jun-14,-0.025
13-Jun-14,-0.03
16-Jun-14,-0.01
17-Jun-14,-0.01
18-Jun-14,0.015
19-Jun-14,-0.025
20-Jun-14,-0.025
23-Jun-14,-0.02
24-Jun-14,-0.03
25-Jun-14,-0.03
26-Jun-14,-0.045
27-Jun-14,-0.035
30-Jun-14,-0.025
1-Jul-14,-0.003
2-Jul-14,-0.003
3-Jul-14,0.007
4-Jul-14,-0.005
7-Jul-14,-0.006
8-Jul-14,-0.001
9-Jul-14,-0.003
10-Jul-14,0.01
11-Jul-14,0.025
14-Jul-14,0.01
15-Jul-14,0.01
16-Jul-14,0.008
17-Jul-14,0.01
18-Jul-14,0.01
21-Jul-14,-0.005
22-Jul-14,-0.01
23-Jul-14,-0.01
24-Jul-14,-0.025
25-Jul-14,-0.025
28-Jul-14,-0.02
29-Jul-14,-0.007
30-Jul-14,0.007
31-Jul-14,0.015
1-Aug-14,0.03
4-Aug-14,0.01
5-Aug-14,-0.01
6-Aug-14,-0.015
7-Aug-14,0.007
8-Aug-14,0.01
11-Aug-14,-0.015
12-Aug-14,-0.01
13-Aug-14,0
14-Aug-14,-0.02
15-Aug-14,-0.035
18-Aug-14,-0.035
19-Aug-14,-0.03
20-Aug-14,-0.015
21-Aug-14,-0.015
22-Aug-14,-0.02
25-Aug-14,-0.025
26-Aug-14,-0.035
27-Aug-14,-0.045
28-Aug-14,-0.04
29-Aug-14,-0.035
1-Sep-14,-0.035
2-Sep-14,-0.015
3-Sep-14,-0.039
4-Sep-14,-0.021
5-Sep-14,-0.029
8-Sep-14,-0.028
9-Sep-14,-0.01
10-Sep-14,-0.018
11-Sep-14,-0.004
12-Sep-14,-0.001
15-Sep-14,0.011
16-Sep-14,0.01
17-Sep-14,0.025
18-Sep-14,0.01
19-Sep-14,-0.015
22-Sep-14,0.001
23-Sep-14,0.002
24-Sep-14,-0.018
25-Sep-14,0.015
26-Sep-14,-0.004
29-Sep-14,0.02
30-Sep-14,-0.003
1-Oct-14,0.02
2-Oct-14,-0.027
3-Oct-14,-0.029
6-Oct-14,-0.007
7-Oct-14,-0.016
8-Oct-14,-0.034
9-Oct-14,-0.022
10-Oct-14,-0.015
13-Oct-14,-0.012
14-Oct-14,-0.019
15-Oct-14,-0.013
16-Oct-14,0.005
17-Oct-14,0.01
20-Oct-14,-0.036
21-Oct-14,-0.032
22-Oct-14,-0.024
23-Oct-14,-0.02
24-Oct-14,-0.021
27-Oct-14,-0.024
28-Oct-14,-0.021
29-Oct-14,-0.019
30-Oct-14,-0.025
31-Oct-14,0.009
3-Nov-14,0.03
4-Nov-14,0.013
5-Nov-14,0.014
6-Nov-14,0.027
7-Nov-14,0.01
10-Nov-14,-0.007
11-Nov-14,0.014
12-Nov-14,0.012
13-Nov-14,-0.002
14-Nov-14,0.01
17-Nov-14,-0.002
18-Nov-14,0.01
19-Nov-14,0.017
20-Nov-14,0.03
21-Nov-14,0.004
24-Nov-14,-0.036
25-Nov-14,-0.014
26-Nov-14,-0.001
27-Nov-14,0.005
28-Nov-14,0.02
1-Dec-14,0.01
2-Dec-14,0.004
3-Dec-14,-0.007
4-Dec-14,-0.015
5-Dec-14,-0.015
8-Dec-14,0.005
9-Dec-14,-0.02
10-Dec-14,-0.03
11-Dec-14,-0.025
12-Dec-14,-0.01
15-Dec-14,-0.081
16-Dec-14,-0.012
17-Dec-14,-0.025
18-Dec-14,-0.01
19-Dec-14,-0.01
22-Dec-14,-0.01
23-Dec-14,-0.02
24-Dec-14,-0.012
25-Dec-14,-0.02
26-Dec-14,-0.018
29-Dec-14,-0.014
30-Dec-14,-0.009
31-Dec-14,-0.002
1-Jan-15,-0.005
2-Jan-15,-0.029
5-Jan-15,0.045
6-Jan-15,-0.01
7-Jan-15,-0.008
8-Jan-15,0.01
9-Jan-15,-0.003
12-Jan-15,0.005
13-Jan-15,-0.007
14-Jan-15,0.009
15-Jan-15,0.033
16-Jan-15,-0.03
19-Jan-15,-0.016
20-Jan-15,0.008
21-Jan-15,-0.005
22-Jan-15,0.01
23-Jan-15,-0.015
26-Jan-15,0.001
27-Jan-15,-0.017
28-Jan-15,-0.012
29-Jan-15,0.004
30-Jan-15,-0.002
2-Feb-15,0.022
3-Feb-15,-0.001
4-Feb-15,0.009
5-Feb-15,-0.03
6-Feb-15,0.106
9-Feb-15,0.043
10-Feb-15,0.05
11-Feb-15,-0.001
12-Feb-15,0.071
13-Feb-15,-0.015
16-Feb-15,0.009
17-Feb-15,0.005
18-Feb-15,-0.02
19-Feb-15,0.015
20-Feb-15,0.026
23-Feb-15,0.002
24-Feb-15,0.053
25-Feb-15,0.025
26-Feb-15,0.003
27-Feb-15,0.03
2-Mar-15,0.058
3-Mar-15,0.005
4-Mar-15,0.005
5-Mar-15,0.01
6-Mar-15,0.01
9-Mar-15,0.05
10-Mar-15,0.04
11-Mar-15,-0.007
12-Mar-15,0.007
16-Mar-15,0.021
17-Mar-15,0.011
18-Mar-15,0.01
19-Mar-15,-0.015
20-Mar-15,0.004
24-Mar-15,-0.03
25-Mar-15,-0.045
26-Mar-15,-0.04
27-Mar-15,-0.027
30-Mar-15,-0.036
31-Mar-15,-0.011
1-Apr-15,-0.04
2-Apr-15,-0.043
3-Apr-15,-0.105
6-Apr-15,-0.045
7-Apr-15,-0.052
8-Apr-15,-0.043
9-Apr-15,-0.02
10-Apr-15,0.005
13-Apr-15,0.01
15-Apr-15,-0.02
16-Apr-15,-0.03
17-Apr-15,-0.05
20-Apr-15,-0.03
21-Apr-15,-0.02
22-Apr-15,-0.03
23-Apr-15,-0.01
24-Apr-15,-0.001
27-Apr-15,-0.02
28-Apr-15,-0.02
29-Apr-15,-0.01
30-Apr-15,-0.002
4-May-15,0.013
7-May-15,0.013
8-May-15,0.012
11-May-15,-0.003
12-May-15,-0.003
14-May-15,-0.03
15-May-15,-0.047
18-May-15,-0.04
19-May-15,-0.03
20-May-15,-0.02
21-May-15,-0.03
22-May-15,-0.036
25-May-15,-0.025
26-May-15,-0.018
27-May-15,-0.03
28-May-15,-0.04
29-May-15,-0.036
1-Jun-15,-0.007
2-Jun-15,-0.03
3-Jun-15,-0.02
4-Jun-15,-0.025
5-Jun-15,-0.021
8-Jun-15,-0.021
9-Jun-15,-0.006
10-Jun-15,-0.021
11-Jun-15,-0.028
12-Jun-15,-0.025
15-Jun-15,-0.035
16-Jun-15,-0.037
17-Jun-15,-0.035
18-Jun-15,-0.058
19-Jun-15,-0.065
22-Jun-15,-0.062
23-Jun-15,-0.047
24-Jun-15,-0.057
25-Jun-15,-0.04
26-Jun-15,-0.03
30-Jun-15,-0.03
1-Jul-15,-0.02
2-Jul-15,-0.02
3-Jul-15,-0.02
6-Jul-15,-0.01
7-Jul-15,-0.02
8-Jul-15,0.017
9-Jul-15,-0.015
10-Jul-15,-0.015
13-Jul-15,-0.01
15-Jul-15,0.01
16-Jul-15,0.015
17-Jul-15,0.015
20-Jul-15,0.02
21-Jul-15,0.005
22-Jul-15,-0.005
23-Jul-15,-0.005
28-Jul-15,-0.01
29-Jul-15,-0.005
30-Jul-15,0.01
31-Jul-15,0.024
3-Aug-15,0.03
4-Aug-15,0.018
5-Aug-15,0.035
6-Aug-15,0.028
7-Aug-15,0.03
10-Aug-15,0.01
11-Aug-15,0.18
12-Aug-15,0.15
13-Aug-15,0.035
14-Aug-15,0.025
17-Aug-15,0.129
18-Aug-15,0.1
19-Aug-15,0.09
20-Aug-15,0.093
21-Aug-15,0.075
24-Aug-15,0.085
25-Aug-15,0.04
26-Aug-15,0.005
27-Aug-15,-0.04
28-Aug-15,-0.035
31-Aug-15,0.02
1-Sep-15,-0.013
3-Sep-15,0.026
4-Sep-15,0.031
7-Sep-15,0.036
8-Sep-15,0.012
9-Sep-15,0.025
10-Sep-15,0.013
11-Sep-15,0.004
14-Sep-15,0.01
15-Sep-15,0.02
16-Sep-15,-0.01
17-Sep-15,0.005
18-Sep-15,0.007
21-Sep-15,0.005
22-Sep-15,0.01
23-Sep-15,0.105
24-Sep-15,0.12
25-Sep-15,0.094
28-Sep-15,0.1
29-Sep-15,0.145
30-Sep-15,0.12
1-Oct-15,0.12
2-Oct-15,0.08
5-Oct-15,0.02
6-Oct-15,0.01
7-Oct-15,-0.005
8-Oct-15,-0.015
9-Oct-15,-0.033
12-Oct-15,-0.049
13-Oct-15,-0.026
14-Oct-15,-0.03
15-Oct-15,-0.065
16-Oct-15,-0.05
19-Oct-15,-0.021
20-Oct-15,-0.021
21-Oct-15,0.04
22-Oct-15,0.065
23-Oct-15,-0.001
26-Oct-15,-0.005
27-Oct-15,0.017
28-Oct-15,0.024
29-Oct-15,0.05
30-Oct-15,-0.005
2-Nov-15,-0.011
3-Nov-15,-0.011
4-Nov-15,0.024
5-Nov-15,0.04
6-Nov-15,0.01
9-Nov-15,0.125
10-Nov-15,0.054
11-Nov-15,0.022
12-Nov-15,0.02
13-Nov-15,0.02
16-Nov-15,0.075
17-Nov-15,0.03
18-Nov-15,0.024
19-Nov-15,-0.026
20-Nov-15,-0.05
23-Nov-15,-0.008
24-Nov-15,-0.011
26-Nov-15,0.009
27-Nov-15,0.025
30-Nov-15,-0.001
1-Dec-15,0.009
2-Dec-15,0.046
3-Dec-15,0.035
4-Dec-15,0.015
7-Dec-15,0.035
8-Dec-15,0.048
9-Dec-15,0.065
10-Dec-15,0.07
11-Dec-15,0.045
14-Dec-15,0.065
15-Dec-15,-0.017
16-Dec-15,-0.005
17-Dec-15,0.045
18-Dec-15,0.061
21-Dec-15,0.038
22-Dec-15,0.03
23-Dec-15,0.08
24-Dec-15,0.05
25-Dec-15,0.05
28-Dec-15,0.005
29-Dec-15,0.075
30-Dec-15,0.165
31-Dec-15,0.084
1-Jan-16,0.117
4-Jan-16,0.18
5-Jan-16,0.18
6-Jan-16,0.205
7-Jan-16,0.19
8-Jan-16,0.196
11-Jan-16,0.105
12-Jan-16,0.084
13-Jan-16,0.145
14-Jan-16,0.16
15-Jan-16,0.195
18-Jan-16,0.015
19-Jan-16,-0.015
20-Jan-16,0.045
21-Jan-16,0.075
22-Jan-16,-0.06
25-Jan-16,0.005
26-Jan-16,0.06
27-Jan-16,0.045
28-Jan-16,0.037
29-Jan-16,-0.016
1-Feb-16,-0.011
2-Feb-16,0.04
3-Feb-16,0.125
4-Feb-16,-0.01
5-Feb-16,-0.046
8-Feb-16,-0.155
9-Feb-16,-0.045
10-Feb-16,-0.015
11-Feb-16,-0.046
12-Feb-16,-0.046
15-Feb-16,-0.08
16-Feb-16,0.035
17-Feb-16,0.095
18-Feb-16,0.04
19-Feb-16,0.075
22-Feb-16,0.04
23-Feb-16,0.07
24-Feb-16,0.049
25-Feb-16,0.104
26-Feb-16,0.045
29-Feb-16,0.057
1-Mar-16,0.007
2-Mar-16,0.025
3-Mar-16,-0.058
4-Mar-16,-0.057
7-Mar-16,-0.03
8-Mar-16,-0.035
9-Mar-16,0.01
10-Mar-16,-0.05
11-Mar-16,-0.08
14-Mar-16,-0.065
15-Mar-16,-0.011
16-Mar-16,-0.035
17-Mar-16,-0.085
18-Mar-16,-0.056
21-Mar-16,-0.062
22-Mar-16,-0.062
23-Mar-16,-0.01
24-Mar-16,0.001
25-Mar-16,-0.04
28-Mar-16,-0.078
29-Mar-16,-0.041
30-Mar-16,-0.085
31-Mar-16,-0.03
1-Apr-16,-0.031
4-Apr-16,-0.035
5-Apr-16,-0.018
7-Apr-16,-0.03
8-Apr-16,-0.035
11-Apr-16,-0.041
12-Apr-16,-0.035
13-Apr-16,-0.037
14-Apr-16,0.01
15-Apr-16,0.005
18-Apr-16,0.01
19-Apr-16,-0.079
20-Apr-16,-0.03
21-Apr-16,-0.02
22-Apr-16,0.005
25-Apr-16,0.023
26-Apr-16,0.01
27-Apr-16,0.021
29-Apr-16,0.015
2-May-16,0.015
3-May-16,0.002
4-May-16,0.01
5-May-16,0.028
6-May-16,0.025
9-May-16,0.062
10-May-16,0.055
11-May-16,0.03
12-May-16,0.018
13-May-16,0.035
16-May-16,0.01
17-May-16,0.005
18-May-16,0.03
19-May-16,0.015
20-May-16,0.01
23-May-16,0.008
24-May-16,0.025
25-May-16,0.008
26-May-16,0.003
27-May-16,0.008
30-May-16,0.04
31-May-16,0.055
1-Jun-16,0.023
2-Jun-16,0.005
6-Jun-16,-0.023
7-Jun-16,-0.038
8-Jun-16,-0.03
9-Jun-16,-0.047
10-Jun-16,-0.007
13-Jun-16,-0.014
14-Jun-16,-0.02
15-Jun-16,-0.005
16-Jun-16,-0.02
17-Jun-16,-0.035
20-Jun-16,-0.05
21-Jun-16,-0.05
22-Jun-16,-0.09
23-Jun-16,-0.08
24-Jun-16,-0.01
27-Jun-16,-0.034
28-Jun-16,-0.09
29-Jun-16,-0.048
30-Jun-16,-0.045
1-Jul-16,-0.061
4-Jul-16,-0.07
5-Jul-16,-0.01
6-Jul-16,-0.013
7-Jul-16,-0.02
8-Jul-16,-0.02
11-Jul-16,-0.026
12-Jul-16,-0.047
13-Jul-16,-0.048
14-Jul-16,-0.075
15-Jul-16,-0.105
18-Jul-16,-0.095
19-Jul-16,-0.015
20-Jul-16,-0.022
21-Jul-16,-0.07
22-Jul-16,-0.054
25-Jul-16,-0.045
26-Jul-16,-0.053
27-Jul-16,-0.07
28-Jul-16,-0.07
29-Jul-16,-0.035
1-Aug-16,-0.122
2-Aug-16,-0.14
3-Aug-16,-0.11
4-Aug-16,-0.132
5-Aug-16,-0.152
8-Aug-16,-0.155
9-Aug-16,-0.113
10-Aug-16,-0.315
11-Aug-16,-0.157
12-Aug-16,-0.109
15-Aug-16,-0.144
16-Aug-16,-0.178
17-Aug-16,-0.13
18-Aug-16,-0.08
19-Aug-16,-0.02
23-Aug-16,-0.026
24-Aug-16,-0.033
25-Aug-16,-0.071
26-Aug-16,-0.04
29-Aug-16,-0.11
30-Aug-16,-0.06
31-Aug-16,-0.057
1-Sep-16,-0.065
2-Sep-16,-0.05
5-Sep-16,-0.073
6-Sep-16,-0.11
7-Sep-16,-0.125
8-Sep-16,-0.08
9-Sep-16,0.01
12-Sep-16,-0.015
13-Sep-16,-0.04
14-Sep-16,-0.025
15-Sep-16,-0.03
16-Sep-16,-0.025
19-Sep-16,-0.105
20-Sep-16,-0.067
21-Sep-16,-0.083
22-Sep-16,-0.11
23-Sep-16,-0.083
26-Sep-16,-0.038
27-Sep-16,-0.065
28-Sep-16,-0.076
29-Sep-16,-0.075
30-Sep-16,-0.045
3-Oct-16,-0.082
4-Oct-16,-0.045
5-Oct-16,-0.008
6-Oct-16,-0.035
7-Oct-16,-0.013
10-Oct-16,-0.025
11-Oct-16,0.035
12-Oct-16,0.028
13-Oct-16,0.03
14-Oct-16,0.012
17-Oct-16,0.025
18-Oct-16,-0.025
19-Oct-16,-0.025
20-Oct-16,-0.03
21-Oct-16,0.025
24-Oct-16,0.02
25-Oct-16,-0.027
26-Oct-16,-0.005
27-Oct-16,0.025
28-Oct-16,0.025
31-Oct-16,0.03
1-Nov-16,-0.01
2-Nov-16,-0.012
3-Nov-16,0.005
4-Nov-16,-0.01
7-Nov-16,-0.025
8-Nov-16,-0.027
9-Nov-16,0.035
10-Nov-16,0.015
11-Nov-16,0.075
14-Nov-16,0.08
15-Nov-16,-0.002
16-Nov-16,0.023
17-Nov-16,0.03
18-Nov-16,0.065
21-Nov-16,0.025
22-Nov-16,0.025
23-Nov-16,-0.005
24-Nov-16,0.04
25-Nov-16,-0.005
28-Nov-16,-0.03
29-Nov-16,-0.002
30-Nov-16,-0.005
1-Dec-16,0.02
2-Dec-16,-0.005
5-Dec-16,-0.005
6-Dec-16,0.025
7-Dec-16,-0.018
8-Dec-16,-0.065
9-Dec-16,-0.03
12-Dec-16,-0.04
13-Dec-16,-0.058
14-Dec-16,-0.045
15-Dec-16,-0.01
16-Dec-16,0.005
19-Dec-16,0.003
20-Dec-16,0.05
21-Dec-16,0.03
22-Dec-16,0.08
23-Dec-16,0.109
26-Dec-16,0.109
27-Dec-16,0.015
28-Dec-16,-0.01
29-Dec-16,0.01
30-Dec-16,0.01
2-Jan-17,0.01
3-Jan-17,0.013
4-Jan-17,0.005
5-Jan-17,-0.02
6-Jan-17,-0.033
9-Jan-17,-0.002
10-Jan-17,-0.02
11-Jan-17,-0.02
12-Jan-17,-0.055
13-Jan-17,-0.055
16-Jan-17,-0.035
17-Jan-17,-0.055
18-Jan-17,-0.05
19-Jan-17,-0.045
20-Jan-17,-0.042
23-Jan-17,-0.065
24-Jan-17,-0.05
25-Jan-17,-0.06
26-Jan-17,-0.06
27-Jan-17,-0.045
30-Jan-17,-0.045
31-Jan-17,-0.045
1-Feb-17,-0.048
2-Feb-17,-0.045
3-Feb-17,-0.05
6-Feb-17,-0.08
7-Feb-17,-0.035
8-Feb-17,-0.038
9-Feb-17,-0.05
10-Feb-17,-0.053
13-Feb-17,-0.068
14-Feb-17,-0.083
15-Feb-17,-0.055
16-Feb-17,-0.063
17-Feb-17,-0.041
20-Feb-17,-0.045
21-Feb-17,-0.065
22-Feb-17,-0.05
23-Feb-17,-0.055
24-Feb-17,-0.068
27-Feb-17,-0.065
28-Feb-17,-0.065
1-Mar-17,-0.015
2-Mar-17,-0.007
6-Mar-17,-0.03
7-Mar-17,-0.045
8-Mar-17,-0.013
9-Mar-17,-0.01
10-Mar-17,-0.02
13-Mar-17,-0.065
14-Mar-17,-0.035
15-Mar-17,-0.04
16-Mar-17,-0.08
17-Mar-17,-0.055
20-Mar-17,-0.078
21-Mar-17,-0.08
22-Mar-17,-0.055
23-Mar-17,-0.07
24-Mar-17,-0.065
27-Mar-17,-0.075
28-Mar-17,-0.06
29-Mar-17,-0.045
30-Mar-17,-0.045
31-Mar-17,-0.05
3-Apr-17,-0.047
4-Apr-17,-0.047
5-Apr-17,-0.025
6-Apr-17,-0.013
7-Apr-17,-0.027
10-Apr-17,-0.035
11-Apr-17,-0.03
12-Apr-17,-0.035
13-Apr-17,-0.058
14-Apr-17,-0.05
17-Apr-17,-0.053
18-Apr-17,-0.028
19-Apr-17,-0.027
20-Apr-17,-0.045
21-Apr-17,-0.04
24-Apr-17,-0.06
25-Apr-17,-0.064
26-Apr-17,-0.063
27-Apr-17,-0.045
28-Apr-17,-0.06
1-May-17,-0.06
2-May-17,-0.05
3-May-17,-0.041
4-May-17,-0.045
5-May-17,-0.04
8-May-17,-0.045
9-May-17,-0.022
10-May-17,-0.023
11-May-17,-0.043
12-May-17,-0.04
15-May-17,-0.067
16-May-17,-0.06
17-May-17,-0.04
18-May-17,-0.02
19-May-17,-0.08
22-May-17,-0.067
23-May-17,-0.045
24-May-17,-0.045
25-May-17,-0.045
26-May-17,-0.04
29-May-17,-0.04
30-May-17,-0.027
31-May-17,-0.02
1-Jun-17,-0.005
2-Jun-17,0.015
5-Jun-17,-0.02
6-Jun-17,-0.025
7-Jun-17,-0.012
8-Jun-17,0.005
9-Jun-17,0.007
12-Jun-17,0.025
13-Jun-17,0.015
14-Jun-17,-0.008
15-Jun-17,0.008
16-Jun-17,0.018
19-Jun-17,0.005
20-Jun-17,0.01
21-Jun-17,0.015
22-Jun-17,-0.008
23-Jun-17,-0.03
26-Jun-17,-0.025
27-Jun-17,-0.025
28-Jun-17,0.01
29-Jun-17,0.018
30-Jun-17,0.02
3-Jul-17,0.041
4-Jul-17,0.035
5-Jul-17,0.01
6-Jul-17,0.033
7-Jul-17,0.022
10-Jul-17,0.005
11-Jul-17,0.008
12-Jul-17,-0.01
13-Jul-17,-0.015
17-Jul-17,-0.005
18-Jul-17,-0.02
19-Jul-17,-0.015
20-Jul-17,-0.002
21-Jul-17,-0.033
24-Jul-17,-0.06
25-Jul-17,-0.052
26-Jul-17,-0.025
27-Jul-17,-0.065
28-Jul-17,-0.061
31-Jul-17,0.062
1-Aug-17,-0.05
2-Aug-17,-0.041
3-Aug-17,-0.035
4-Aug-17,-0.042
7-Aug-17,-0.044
8-Aug-17,-0.06
9-Aug-17,-0.025
10-Aug-17,-0.025
11-Aug-17,-0.038
14-Aug-17,-0.049
15-Aug-17,-0.053
16-Aug-17,-0.03
17-Aug-17,-0.05
18-Aug-17,-0.047
21-Aug-17,-0.046
22-Aug-17,-0.056
23-Aug-17,-0.05
24-Aug-17,-0.058
25-Aug-17,-0.06
28-Aug-17,-0.07
29-Aug-17,-0.068
30-Aug-17,-0.065
31-Aug-17,-0.07
1-Sep-17,-0.075
4-Sep-17,-0.09
5-Sep-17,-0.113
6-Sep-17,-0.11
7-Sep-17,-0.13
8-Sep-17,-0.12
11-Sep-17,-0.086
12-Sep-17,-0.088
13-Sep-17,-0.093
14-Sep-17,-0.078
15-Sep-17,-0.085
18-Sep-17,-0.086
19-Sep-17,-0.077
20-Sep-17,-0.087
21-Sep-17,-0.06
22-Sep-17,-0.085
25-Sep-17,-0.08
26-Sep-17,-0.055
27-Sep-17,-0.036
28-Sep-17,-0.025
29-Sep-17,-0.036
2-Oct-17,0.002
3-Oct-17,-0.038
4-Oct-17,-0.038
5-Oct-17,-0.036
6-Oct-17,-0.032
9-Oct-17,-0.032
10-Oct-17,-0.045
11-Oct-17,-0.022
12-Oct-17,-0.025
13-Oct-17,-0.047
16-Oct-17,-0.056
17-Oct-17,-0.043
18-Oct-17,-0.04
19-Oct-17,-0.036
20-Oct-17,-0.03
23-Oct-17,-0.019
24-Oct-17,-0.04
25-Oct-17,-0.044
26-Oct-17,-0.041
27-Oct-17,-0.048
30-Oct-17,-0.061
31-Oct-17,-0.067
1-Nov-17,-0.064
2-Nov-17,-0.044
3-Nov-17,-0.037
6-Nov-17,-0.038
7-Nov-17,-0.036
8-Nov-17,-0.039
9-Nov-17,-0.038
10-Nov-17,-0.037
13-Nov-17,-0.045
14-Nov-17,-0.055
15-Nov-17,-0.08
16-Nov-17,-0.098
17-Nov-17,-0.117
20-Nov-17,-0.097
21-Nov-17,-0.138
22-Nov-17,-0.137
23-Nov-17,-0.129
24-Nov-17,-0.123
27-Nov-17,-0.09
28-Nov-17,-0.075
29-Nov-17,-0.117
30-Nov-17,-0.068
1-Dec-17,-0.068
4-Dec-17,-0.066
5-Dec-17,-0.093
6-Dec-17,-0.065
7-Dec-17,-0.056
8-Dec-17,-0.07
11-Dec-17,-0.075
12-Dec-17,-0.071
13-Dec-17,-0.082
14-Dec-17,-0.095
15-Dec-17,-0.085
18-Dec-17,-0.081
19-Dec-17,-0.103
20-Dec-17,-0.117
21-Dec-17,-0.129
22-Dec-17,-0.121
25-Dec-17,-0.17
26-Dec-17,-0.14
27-Dec-17,-0.127
28-Dec-17,-0.175
29-Dec-17,-0.119
1-Jan-18,-0.112
2-Jan-18,-0.126
3-Jan-18,-0.072
4-Jan-18,-0.075
5-Jan-18,-0.079
8-Jan-18,-0.084
9-Jan-18,-0.055
10-Jan-18,-0.063
11-Jan-18,-0.044
12-Jan-18,-0.06
15-Jan-18,-0.075
16-Jan-18,-0.056
17-Jan-18,-0.045
18-Jan-18,-0.054
19-Jan-18,-0.08
22-Jan-18,-0.111
23-Jan-18,-0.112
24-Jan-18,-0.12
25-Jan-18,-0.121
26-Jan-18,-0.085
29-Jan-18,-0.07
30-Jan-18,-0.061
31-Jan-18,-0.085
1-Feb-18,-0.08
2-Feb-18,-0.057
5-Feb-18,-0.057
6-Feb-18,-0.055
7-Feb-18,-0.07
8-Feb-18,-0.065
9-Feb-18,-0.08
12-Feb-18,-0.104
13-Feb-18,-0.127
14-Feb-18,-0.117
15-Feb-18,-0.168
16-Feb-18,-0.157
19-Feb-18,-0.162
20-Feb-18,-0.112
21-Feb-18,-0.095
22-Feb-18,-0.083
23-Feb-18,-0.083
26-Feb-18,-0.113
27-Feb-18,-0.109
28-Feb-18,-0.09
1-Mar-18,-0.074
2-Mar-18,-0.084
5-Mar-18,-0.078
6-Mar-18,-0.083
7-Mar-18,-0.102
8-Mar-18,-0.08
9-Mar-18,-0.071
12-Mar-18,-0.081
13-Mar-18,-0.062
14-Mar-18,-0.062
15-Mar-18,-0.103
16-Mar-18,-0.142
19-Mar-18,-0.119
20-Mar-18,-0.13
21-Mar-18,-0.117
22-Mar-18,-0.109
23-Mar-18,-0.117
26-Mar-18,-0.143
27-Mar-18,-0.143
28-Mar-18,-0.09
29-Mar-18,-0.109
30-Mar-18,-0.115
2-Apr-18,-0.115
3-Apr-18,-0.12
4-Apr-18,-0.109
5-Apr-18,-0.095
6-Apr-18,-0.07
9-Apr-18,-0.071
10-Apr-18,-0.064
11-Apr-18,-0.056
12-Apr-18,-0.035
13-Apr-18,-0.024
16-Apr-18,-0.022
17-Apr-18,-0.06
18-Apr-18,-0.064
19-Apr-18,-0.079
20-Apr-18,-0.055
23-Apr-18,-0.043
24-Apr-18,-0.05
25-Apr-18,-0.025
26-Apr-18,-0.043
27-Apr-18,-0.057
30-Apr-18,-0.053
1-May-18,-0.051
2-May-18,-0.015
3-May-18,-0.055
4-May-18,-0.039
7-May-18,-0.034
8-May-18,-0.045
9-May-18,-0.043
10-May-18,-0.081
11-May-18,-0.102
14-May-18,-0.063
15-May-18,-0.032
16-May-18,-0.038
17-May-18,-0.047
18-May-18,-0.04
21-May-18,-0.043
22-May-18,-0.068
23-May-18,-0.067
24-May-18,-0.057
25-May-18,-0.049
28-May-18,-0.047
29-May-18,-0.02
30-May-18,-0.025
31-May-18,-0.056
1-Jun-18,-0.072
4-Jun-18,-0.069
5-Jun-18,-0.08
6-Jun-18,-0.085
7-Jun-18,-0.072
8-Jun-18,-0.056
11-Jun-18,-0.072
12-Jun-18,-0.08
13-Jun-18,-0.064
14-Jun-18,-0.073
15-Jun-18,-0.051
18-Jun-18,-0.027
19-Jun-18,-0.03
20-Jun-18,-0.047
21-Jun-18,-0.025
22-Jun-18,-0.045
25-Jun-18,-0.041
26-Jun-18,-0.05
27-Jun-18,-0.038
28-Jun-18,-0.032
29-Jun-18,-0.05
2-Jul-18,-0.026
3-Jul-18,-0.029
4-Jul-18,-0.042
5-Jul-18,-0.03
6-Jul-18,-0.04
9-Jul-18,-0.063
10-Jul-18,-0.056
11-Jul-18,-0.043
12-Jul-18,-0.024
13-Jul-18,-0.022
16-Jul-18,-0.052
17-Jul-18,-0.065
18-Jul-18,-0.036
19-Jul-18,-0.02
20-Jul-18,-0.055
23-Jul-18,-0.052
24-Jul-18,-0.05
25-Jul-18,-0.065
26-Jul-18,-0.065
27-Jul-18,-0.063
30-Jul-18,-0.051
31-Jul-18,-0.042
1-Aug-18,-0.047
2-Aug-18,-0.045
3-Aug-18,-0.041
6-Aug-18,-0.065
7-Aug-18,-0.08
8-Aug-18,-0.075
9-Aug-18,-0.066
10-Aug-18,-0.043
13-Aug-18,-0.025
14-Aug-18,-0.049
15-Aug-18,-0.045
16-Aug-18,-0.065
17-Aug-18,-0.081
20-Aug-18,-0.072
21-Aug-18,-0.079
22-Aug-18,-0.075
23-Aug-18,-0.06
24-Aug-18,-0.076
27-Aug-18,-0.09
28-Aug-18,-0.09
29-Aug-18,-0.075
30-Aug-18,-0.065
31-Aug-18,-0.06
3-Sep-18,-0.067
4-Sep-18,-0.052
5-Sep-18,-0.06
6-Sep-18,-0.063
7-Sep-18,-0.058
10-Sep-18,-0.035
11-Sep-18,-0.046
12-Sep-18,-0.043
13-Sep-18,-0.053
14-Sep-18,-0.07
17-Sep-18,-0.053
18-Sep-18,-0.065
19-Sep-18,-0.067
20-Sep-18,-0.07
21-Sep-18,-0.09
24-Sep-18,-0.087
25-Sep-18,-0.068
26-Sep-18,-0.074
27-Sep-18,-0.081
28-Sep-18,-0.08
1-Oct-18,-0.082
2-Oct-18,-0.066
3-Oct-18,-0.068
4-Oct-18,-0.047
5-Oct-18,-0.029
8-Oct-18,0.018
9-Oct-18,-0.015
10-Oct-18,0.005
11-Oct-18,0.007
12-Oct-18,-0.045
15-Oct-18,-0.054
16-Oct-18,-0.079
17-Oct-18,-0.066
18-Oct-18,-0.047
19-Oct-18,-0.066
22-Oct-18,-0.085
23-Oct-18,-0.075
24-Oct-18,-0.08
25-Oct-18,-0.071
26-Oct-18,-0.065
29-Oct-18,-0.075
30-Oct-18,-0.086
31-Oct-18,-0.076
1-Nov-18,-0.093
2-Nov-18,-0.135
5-Nov-18,-0.101
6-Nov-18,-0.096
7-Nov-18,-0.103
8-Nov-18,-0.091
9-Nov-18,-0.075
12-Nov-18,-0.081
13-Nov-18,-0.095
14-Nov-18,-0.097
15-Nov-18,-0.087
16-Nov-18,-0.09
19-Nov-18,-0.082
20-Nov-18,-0.082
21-Nov-18,-0.079
22-Nov-18,-0.072
23-Nov-18,-0.066
26-Nov-18,-0.09
27-Nov-18,-0.076
28-Nov-18,-0.076
29-Nov-18,-0.101
30-Nov-18,-0.09
3-Dec-18,-0.1
4-Dec-18,-0.12
5-Dec-18,-0.087
6-Dec-18,-0.079
7-Dec-18,-0.072
10-Dec-18,-0.062
11-Dec-18,-0.08
12-Dec-18,-0.11
13-Dec-18,-0.112
14-Dec-18,-0.087
17-Dec-18,-0.101
18-Dec-18,-0.126
19-Dec-18,-0.139
20-Dec-18,-0.126
21-Dec-18,-0.138
24-Dec-18,-0.146
25-Dec-18,-0.137
26-Dec-18,-0.12
27-Dec-18,-0.153
28-Dec-18,-0.099
31-Dec-18,-0.12
2-Jan-19,-0.067
3-Jan-19,-0.03
4-Jan-19,-0.071
7-Jan-19,-0.063
8-Jan-19,-0.051
9-Jan-19,-0.056
10-Jan-19,-0.048
11-Jan-19,-0.036
14-Jan-19,-0.028
15-Jan-19,-0.023
16-Jan-19,-0.032
17-Jan-19,-0.011
18-Jan-19,-0.033
21-Jan-19,-0.04
22-Jan-19,-0.017
23-Jan-19,-0.029
24-Jan-19,-0.018
25-Jan-19,-0.033
28-Jan-19,-0.041
29-Jan-19,-0.027
30-Jan-19,-0.044
31-Jan-19,-0.075
1-Feb-19,-0.045
4-Feb-19,-0.04
5-Feb-19,-0.04
6-Feb-19,-0.036
7-Feb-19,-0.03
8-Feb-19,-0.029
11-Feb-19,0.01
12-Feb-19,0.005
13-Feb-19,0.016
14-Feb-19,0.013
15-Feb-19,0.02
18-Feb-19,-0.014
19-Feb-19,-0.01
20-Feb-19,-0.007
21-Feb-19,-0.018
22-Feb-19,-0.029
25-Feb-19,-0.068
26-Feb-19,-0.057
27-Feb-19,-0.043
28-Feb-19,-0.027
1-Mar-19,-0.031
4-Mar-19,-0.013
5-Mar-19,-0.019
6-Mar-19,-0.02
7-Mar-19,-0.02
8-Mar-19,0.001
11-Mar-19,-0.024
12-Mar-19,-0.04
13-Mar-19,-0.035
14-Mar-19,-0.038
15-Mar-19,-0.048
18-Mar-19,-0.059
19-Mar-19,-0.065
20-Mar-19,-0.07
21-Mar-19,-0.05
22-Mar-19,-0.039
25-Mar-19,-0.04
26-Mar-19,-0.037
27-Mar-19,-0.02
28-Mar-19,-0.031
29-Mar-19,-0.025
1-Apr-19,-0.022
2-Apr-19,-0.029
3-Apr-19,-0.04
4-Apr-19,-0.032
5-Apr-19,-0.024
8-Apr-19,-0.019
9-Apr-19,-0.022
10-Apr-19,-0.021
11-Apr-19,-0.022
12-Apr-19,-0.032
15-Apr-19,-0.045
16-Apr-19,-0.047
17-Apr-19,-0.053
18-Apr-19,-0.05
19-Apr-19,-0.06
22-Apr-19,-0.055
23-Apr-19,-0.057
24-Apr-19,-0.032
25-Apr-19,0.001
29-Apr-19,-0.016
30-Apr-19,-0.008
1-May-19,-0.004
2-May-19,0.001
6-May-19,-0.003
7-May-19,-0.001
8-May-19,-0.004
9-May-19,0.034
10-May-19,0.024
13-May-19,0.08
14-May-19,0.043
15-May-19,0.041
16-May-19,0.025
17-May-19,0.087
20-May-19,0.097
21-May-19,0.101
22-May-19,0.018
23-May-19,0.009
24-May-19,0.009
27-May-19,-0.02
28-May-19,0.005
29-May-19,0.083
30-May-19,0.082
31-May-19,0.083
3-Jun-19,-0.038
4-Jun-19,-0.019
5-Jun-19,-0.045
6-Jun-19,-0.041
7-Jun-19,-0.016
10-Jun-19,-0.01
11-Jun-19,-0.005
12-Jun-19,0.002
13-Jun-19,-0.001
14-Jun-19,-0.013
17-Jun-19,-0.014
18-Jun-19,-0.014
19-Jun-19,-0.043
20-Jun-19,-0.107
21-Jun-19,-0.097
24-Jun-19,-0.102
25-Jun-19,-0.101
26-Jun-19,-0.098
27-Jun-19,-0.124
28-Jun-19,-0.061
1-Jul-19,-0.047
2-Jul-19,-0.048
3-Jul-19,-0.023
4-Jul-19,-0.032
5-Jul-19,-0.03
8-Jul-19,-0.023
9-Jul-19,-0.028
10-Jul-19,-0.048
11-Jul-19,-0.052
12-Jul-19,-0.038
15-Jul-19,-0.055
16-Jul-19,-0.06
17-Jul-19,-0.044
18-Jul-19,-0.065
19-Jul-19,-0.074
22-Jul-19,-0.087
23-Jul-19,-0.074
24-Jul-19,-0.071
25-Jul-19,-0.079
26-Jul-19,-0.076
29-Jul-19,-0.065
30-Jul-19,-0.065
31-Jul-19,-0.045
1-Aug-19,-0.04
2-Aug-19,-0.005
5-Aug-19,0.038
6-Aug-19,-0.046
7-Aug-19,-0.043
8-Aug-19,-0.048
9-Aug-19,-0.047
12-Aug-19,-0.026
13-Aug-19,-0.037
14-Aug-19,-0.076
15-Aug-19,-0.061
16-Aug-19,-0.083
19-Aug-19,-0.085
20-Aug-19,-0.086
21-Aug-19,-0.08
22-Aug-19,-0.07
23-Aug-19,-0.078
26-Aug-19,-0.071
27-Aug-19,-0.078
28-Aug-19,-0.06
29-Aug-19,-0.089
30-Aug-19,-0.091
2-Sep-19,-0.09
3-Sep-19,-0.08
4-Sep-19,-0.095
5-Sep-19,-0.091
6-Sep-19,-0.104
9-Sep-19,-0.101
10-Sep-19,-0.108
11-Sep-19,-0.107
12-Sep-19,-0.138
13-Sep-19,-0.169
16-Sep-19,-0.135
17-Sep-19,-0.143
18-Sep-19,-0.135
19-Sep-19,-0.131
20-Sep-19,-0.15
23-Sep-19,-0.139
24-Sep-19,-0.167
25-Sep-19,-0.08
26-Sep-19,-0.09
27-Sep-19,-0.075
30-Sep-19,-0.07
1-Oct-19,-0.068
2-Oct-19,-0.038
3-Oct-19,-0.078
4-Oct-19,-0.122
7-Oct-19,-0.098
8-Oct-19,-0.098
9-Oct-19,-0.096
10-Oct-19,-0.13
11-Oct-19,-0.177
14-Oct-19,-0.128
15-Oct-19,-0.118
16-Oct-19,-0.136
17-Oct-19,-0.161
18-Oct-19,-0.136
21-Oct-19,-0.165
22-Oct-19,-0.14
23-Oct-19,-0.125
24-Oct-19,-0.118
25-Oct-19,-0.103
28-Oct-19,-0.122
29-Oct-19,-0.116
30-Oct-19,-0.178
31-Oct-19,-0.134
1-Nov-19,-0.125
4-Nov-19,-0.088
5-Nov-19,-0.117
6-Nov-19,-0.079
7-Nov-19,-0.114
8-Nov-19,-0.084
11-Nov-19,-0.054
12-Nov-19,-0.061
13-Nov-19,-0.053
14-Nov-19,-0.072
15-Nov-19,-0.083
18-Nov-19,-0.081
19-Nov-19,-0.089
20-Nov-19,-0.059
21-Nov-19,-0.068
22-Nov-19,-0.052
25-Nov-19,-0.041
26-Nov-19,-0.038
27-Nov-19,-0.042
28-Nov-19,-0.046
29-Nov-19,-0.05
2-Dec-19,-0.056
3-Dec-19,-0.043
4-Dec-19,-0.046
5-Dec-19,-0.047
6-Dec-19,-0.04
9-Dec-19,-0.065
10-Dec-19,-0.071
11-Dec-19,-0.077
12-Dec-19,-0.141
13-Dec-19,-0.123
16-Dec-19,-0.16
17-Dec-19,-0.135
18-Dec-19,-0.121
19-Dec-19,-0.137
20-Dec-19,-0.134
23-Dec-19,-0.141
24-Dec-19,-0.14
25-Dec-19,-0.165
26-Dec-19,-0.197
27-Dec-19,-0.142
30-Dec-19,-0.144
31-Dec-19,-0.06
2-Jan-20,-0.091
3-Jan-20,-0.075
6-Jan-20,-0.082
7-Jan-20,-0.091
8-Jan-20,-0.095
9-Jan-20,-0.127
10-Jan-20,-0.104
13-Jan-20,-0.135
14-Jan-20,-0.088
15-Jan-20,-0.115
16-Jan-20,-0.114
17-Jan-20,-0.104
20-Jan-20,-0.125
21-Jan-20,-0.093
22-Jan-20,-0.085
23-Jan-20,-0.085
24-Jan-20,-0.085
27-Jan-20,-0.06
28-Jan-20,-0.06
29-Jan-20,-0.07
30-Jan-20,-0.05
31-Jan-20,-0.05
3-Feb-20,-0.042
4-Feb-20,-0.063
5-Feb-20,-0.074
6-Feb-20,-0.041
7-Feb-20,-0.025
10-Feb-20,-0.06
11-Feb-20,-0.075
12-Feb-20,-0.074
13-Feb-20,-0.069
14-Feb-20,-0.065
17-Feb-20,-0.073
18-Feb-20,-0.051
19-Feb-20,-0.065
20-Feb-20,-0.036
21-Feb-20,-0.027
24-Feb-20,-0.043
25-Feb-20,-0.068
26-Feb-20,-0.069
27-Feb-20,-0.078
28-Feb-20,-0.067
2-Mar-20,-0.098
3-Mar-20,-0.125
4-Mar-20,-0.149
5-Mar-20,-0.115
6-Mar-20,-0.116
9-Mar-20,-0.161
10-Mar-20,-0.22
11-Mar-20,-0.262
12-Mar-20,-0.206
13-Mar-20,-0.25
16-Mar-20,-0.249
17-Mar-20,-0.169
18-Mar-20,-0.223
19-Mar-20,-0.199
20-Mar-20,-0.246
23-Mar-20,-0.256
24-Mar-20,-0.258
25-Mar-20,-0.287
26-Mar-20,-0.237
27-Mar-20,-0.222
30-Mar-20,-0.242
31-Mar-20,-0.178
1-Apr-20,-0.121
2-Apr-20,-0.139
3-Apr-20,-0.139
6-Apr-20,-0.127
7-Apr-20,-0.166
8-Apr-20,-0.157
9-Apr-20,-0.189
10-Apr-20,-0.244
13-Apr-20,-0.185
14-Apr-20,-0.19
15-Apr-20,-0.191
16-Apr-20,-0.18
17-Apr-20,-0.205
20-Apr-20,-0.225
21-Apr-20,-0.205
22-Apr-20,-0.213
23-Apr-20,-0.208
24-Apr-20,-0.188
27-Apr-20,-0.169
28-Apr-20,-0.164
29-Apr-20,-0.2
30-Apr-20,-0.209
1-May-20,-0.185
4-May-20,-0.205
5-May-20,-0.249
6-May-20,-0.205
7-May-20,-0.111
8-May-20,-0.124
11-May-20,-0.13
12-May-20,-0.134
13-May-20,-0.133
14-May-20,-0.101
15-May-20,-0.116
18-May-20,-0.095
19-May-20,-0.091
20-May-20,-0.052
21-May-20,-0.085
22-May-20,-0.056
25-May-20,-0.038
26-May-20,-0.075
27-May-20,-0.039
28-May-20,-0.054
29-May-20,-0.046
1-Jun-20,-0.057
2-Jun-20,-0.082
3-Jun-20,-0.065
4-Jun-20,-0.065
5-Jun-20,-0.103
8-Jun-20,-0.141
9-Jun-20,-0.135
10-Jun-20,-0.16
11-Jun-20,-0.155
12-Jun-20,-0.155
15-Jun-20,-0.159
16-Jun-20,-0.152
17-Jun-20,-0.127
18-Jun-20,-0.135
19-Jun-20,-0.146
22-Jun-20,-0.166
23-Jun-20,-0.149
24-Jun-20,-0.135
25-Jun-20,-0.116
26-Jun-20,-0.134
29-Jun-20,-0.173
30-Jun-20,-0.207
1-Jul-20,-0.178
2-Jul-20,-0.172
3-Jul-20,-0.132
6-Jul-20,-0.11
7-Jul-20,-0.097
8-Jul-20,-0.092
9-Jul-20,-0.11
10-Jul-20,-0.09
13-Jul-20,-0.089
14-Jul-20,-0.084
15-Jul-20,-0.145
16-Jul-20,-0.098
17-Jul-20,-0.101
20-Jul-20,-0.122
21-Jul-20,-0.125
22-Jul-20,-0.14
23-Jul-20,-0.135
24-Jul-20,-0.094
27-Jul-20,-0.129
28-Jul-20,-0.134
29-Jul-20,-0.14
30-Jul-20,-0.13
31-Jul-20,-0.105
3-Aug-20,-0.11
4-Aug-20,-0.12
5-Aug-20,-0.154
6-Aug-20,-0.124
7-Aug-20,-0.101
10-Aug-20,-0.082
11-Aug-20,-0.081
12-Aug-20,-0.069
13-Aug-20,-0.084
14-Aug-20,-0.064
17-Aug-20,-0.074
18-Aug-20,-0.077
19-Aug-20,-0.087
20-Aug-20,-0.07
21-Aug-20,-0.078
24-Aug-20,-0.086
25-Aug-20,-0.078
26-Aug-20,-0.071
27-Aug-20,-0.067
28-Aug-20,-0.072
31-Aug-20,-0.064
1-Sep-20,-0.06
2-Sep-20,-0.065
3-Sep-20,-0.066
4-Sep-20,-0.049
7-Sep-20,-0.072
8-Sep-20,-0.123
9-Sep-20,-0.105
10-Sep-20,-0.115
11-Sep-20,-0.103
14-Sep-20,-0.117
15-Sep-20,-0.186
16-Sep-20,-0.235
17-Sep-20,-0.167
18-Sep-20,-0.249
21-Sep-20,-0.31
22-Sep-20,-0.228
23-Sep-20,-0.154
24-Sep-20,-0.139
25-Sep-20,-0.178
28-Sep-20,-0.118
29-Sep-20,-0.109
30-Sep-20,-0.111
1-Oct-20,-0.124
2-Oct-20,-0.13
5-Oct-20,-0.177
6-Oct-20,-0.156
7-Oct-20,-0.179
8-Oct-20,-0.213
9-Oct-20,-0.224
12-Oct-20,-0.197
13-Oct-20,-0.217
14-Oct-20,-0.241
15-Oct-20,-0.194
16-Oct-20,-0.218
19-Oct-20,-0.229
20-Oct-20,-0.183
21-Oct-20,-0.219
22-Oct-20,-0.19
23-Oct-20,-0.19
26-Oct-20,-0.187
27-Oct-20,-0.253
28-Oct-20,-0.214
29-Oct-20,-0.217
30-Oct-20,-0.259
2-Nov-20,-0.237
3-Nov-20,-0.22
4-Nov-20,-0.204
5-Nov-20,-0.176
6-Nov-20,-0.181
9-Nov-20,-0.17
10-Nov-20,-0.119
11-Nov-20,-0.067
12-Nov-20,-0.086
13-Nov-20,-0.119
16-Nov-20,-0.129
17-Nov-20,-0.13
18-Nov-20,-0.109
19-Nov-20,-0.079
20-Nov-20,-0.081
23-Nov-20,-0.097
24-Nov-20,-0.087
25-Nov-20,-0.092
26-Nov-20,-0.111
27-Nov-20,-0.098
30-Nov-20,-0.071
1-Dec-20,-0.046
2-Dec-20,-0.084
3-Dec-20,-0.256
